scenario,tissue,atlas_state,mrp2_factor,obstruction,bile_cmax,bile_auc,time_to_cmax,peak_injury,terminal_injury
normal control|atlas=control|MRP2=1|obstruction=0,normal control,control,1.0,0.0,21.89303876070366,200.14710767025036,5.300000000000001,0.015510832446612772,0.014961981286767276
normal control|atlas=control|MRP2=1|obstruction=0.5,normal control,control,1.0,0.5,24.597501216015345,400.50813613009,6.25,0.026978776152595293,0.02648008391228721
normal control|atlas=control|MRP2=0.35|obstruction=0,normal control,control,0.35,0.0,16.145062606244853,190.87078313779196,7.3500000000000005,0.02973848710954772,0.028832949236734746
normal control|atlas=control|MRP2=0.35|obstruction=0.5,normal control,control,0.35,0.5,20.15680686924855,381.93170851159886,9.55,0.040490544660049345,0.03984197898410515
steatosis|atlas=MASL|MRP2=1|obstruction=0,steatosis,MASL,1.0,0.0,86.76104488435784,3071.2835862319334,6.8500000000000005,0.20336183821156467,0.20336183821156467
steatosis|atlas=MASL|MRP2=1|obstruction=0.5,steatosis,MASL,1.0,0.5,90.91294252611502,3593.9870599199608,7.550000000000001,0.2361162447555919,0.2361162447555919
steatosis|atlas=MASL|MRP2=0.35|obstruction=0,steatosis,MASL,0.35,0.0,75.77740591693816,2883.8985733851187,12.700000000000001,0.20131467642844458,0.20131467642844458
steatosis|atlas=MASL|MRP2=0.35|obstruction=0.5,steatosis,MASL,0.35,0.5,81.1490574649479,3362.66685797852,13.4,0.23134866358198938,0.23134866358198938
MASH|atlas=MASH|MRP2=1|obstruction=0,MASH,MASH,1.0,0.0,69.96326549041568,2540.110506645486,8.5,0.2115549396019749,0.2115549396019749
MASH|atlas=MASH|MRP2=1|obstruction=0.5,MASH,MASH,1.0,0.5,74.42495752582985,2974.66314366943,9.200000000000001,0.2427318986563908,0.2427318986563908
