sample,tissue,mrp2_factor,atlas_state,obstruction,bile_cmax,bile_auc,time_to_cmax,peak_injury,terminal_injury
0,normal control,0.2975186607201344,control,0.3005134439574001,18.298906307441012,259.50752378410226,8.4,0.028111978227838317,0.02739311443600743
1,normal control,0.24675618238885116,control,0.6737410810202369,20.80072963488232,547.2972020078028,11.75,0.04765492836065066,0.04755546650427856
2,normal control,0.22486219792717627,control,0.6760670552370482,20.34372162923017,546.6943789486268,12.350000000000001,0.04957505929255216,0.04948854990843145
3,normal control,0.9471979683176435,control,0.32780781842684337,23.332777139874043,282.66269182321173,5.550000000000001,0.018000318662598744,0.01750666205038602
4,normal control,1.0850761130683926,control,0.17310745660712185,22.898624494871882,230.35097720759464,5.1000000000000005,0.01448622420535695,0.01401837050357153
5,normal control,1.1198121491531061,control,0.6981154635519299,25.484387545486495,629.678864650591,6.15,0.03706449146968889,0.037026779358857856
6,normal control,0.9401331981633325,control,0.49698681200492656,24.176327419769912,377.7627312928477,5.9,0.023459283586292155,0.02301407651181676
7,normal control,0.3409215273287452,control,0.4528107642790268,20.305277378497205,334.59735168048576,8.65,0.030148186296224143,0.02954360475548236
8,normal control,1.005735564171595,control,0.7169687933083564,25.45540666313553,668.5997534159849,6.45,0.03965564940062391,0.0396525866287279
9,normal control,1.062725271088126,control,0.1606119884664989,22.796291129379995,226.83339925186766,5.1000000000000005,0.014350532747763465,0.013882834133207313
10,normal control,1.1368601317368157,control,0.17347710510644654,22.996301098403187,230.64229436308784,5.050000000000001,0.014365070739474326,0.013900765538413313
11,normal control,0.7858113208533573,control,0.20026708214962566,22.183515776138357,236.53996261066925,5.65,0.016246382033732115,0.015737960470229777
12,normal control,1.080254044882018,control,0.2710506274863409,23.339854727241605,261.3001430400428,5.25,0.01628723371230044,0.015806779957885913
13,normal control,0.287365045029588,control,0.006452769445311035,15.973478087905798,182.23742133143267,7.45,0.024315249003456364,0.023554083840193054
14,normal control,0.6027015964949336,control,0.2714980221259874,21.643671005157046,257.6988264818363,6.3500000000000005,0.019279137277232575,0.01872264088788722
15,normal control,0.4745649091239785,control,0.45228845332964607,21.848514752783046,339.7943366775655,7.5,0.02619110252819575,0.025642637745025
16,normal control,0.6447271745919214,control,0.2156254820994754,21.580505848976685,239.84556034218087,6.1000000000000005,0.01772496949132517,0.01718236205037308
17,normal control,0.6559173741557767,control,0.20287668815442997,21.574261909568026,236.12946935802046,6.0,0.017382671888251575,0.016844116858789306
18,normal control,0.8775112154360958,control,0.7421293571693289,25.409574148568947,727.2352659396967,6.8500000000000005,0.04364930285849786,0.04364930285849786
19,normal control,0.739170391775205,control,0.6349853753203112,24.453527094618664,517.4841404215988,6.9,0.03253172878924562,0.03230447732492902
20,normal control,0.6771223092920922,control,0.2733517054947511,22.083794874099794,259.2932463383858,6.1000000000000005,0.018486729034360327,0.017950998949890426
21,normal control,0.3193803191252473,control,0.19773107385019434,17.95346497741513,227.2617279012029,7.800000000000001,0.025090936866076993,0.024370920612838413
22,normal control,0.8098224666122613,control,0.4501013682917233,23.597690806347334,344.3600234084089,6.1000000000000005,0.022262228379770127,0.021778886970077994
23,normal control,0.34033105022939164,control,0.010951998772190302,17.08592760459596,185.02248035527205,7.050000000000001,0.021669109491645574,0.020965359701336835
24,normal control,0.5881906761321296,control,0.222269517628171,21.25656100138596,241.17979119687695,6.300000000000001,0.018532840145183062,0.017971805345965857
25,normal control,0.6560524045678102,control,0.18338243064711848,21.466759337106748,230.49091462564178,6.0,0.0170564119982076,0.01651937172270496
26,normal control,1.156342451212159,control,0.1985574879181768,23.141656216960637,237.9310464091132,5.050000000000001,0.014741572038056754,0.014274545660839681
27,normal control,0.6262836095916202,control,0.6506021219116432,24.158543581278,537.8051298043124,7.45,0.034802612289332666,0.0346193711908987
28,normal control,0.9323065892555704,control,0.5757522169175084,24.576899612879355,447.8645168335244,6.15,0.02745676996962828,0.027102301290475105
29,normal control,0.837367132327316,control,0.27106749446647094,22.73568648133764,259.93332021473935,5.65,0.017259029990877427,0.016753458861441438
30,normal control,0.370339175981063,control,0.46208239431053555,20.79920722303365,341.93895002933994,8.4,0.02935564651226389,0.028773917373687133
31,normal control,0.5826673407346015,control,0.037111856408733795,20.165297481544133,194.71252337269254,5.95,0.015933244086328874,0.015386010841062718
32,normal control,1.157628398806311,control,0.10315594696291933,22.721297137881468,212.61446200320557,4.9,0.01327261686966828,0.01282166018134438
33,normal control,0.7322329928529727,control,0.023035376779988737,21.036161541667965,193.2470865781969,5.5,0.01415403104591994,0.01365793904315633
34,normal control,0.47749220384297425,control,0.30335976825678834,20.852517166280975,267.1690109786054,7.0,0.02199707715233221,0.02139539891750185
35,normal control,1.1098522970341398,control,0.6892288626066683,25.42830763329317,612.0520606047204,6.15,0.0360855398909936,0.036024027597990185
36,normal control,0.45030608445209,control,0.49028743317046053,21.906995047543276,364.32488920233,7.8500000000000005,0.028146282496873985,0.02762229896722864
37,normal control,1.1216394450095024,control,0.6612264713284395,25.296408880851896,562.379330599647,6.050000000000001,0.03324571454994954,0.03309927406256359
38,normal control,0.634771137110828,control,0.5683916940708967,23.65218902557347,435.8573467471114,7.050000000000001,0.028982744974632886,0.028597429160679252
39,normal control,0.8490120274416002,control,0.15249806072475247,22.178096606671716,223.61799078748822,5.45,0.015096134383420905,0.014604245348033982
40,normal control,0.615296138845018,control,0.5144268232940687,23.211806469701557,387.0101023442302,6.95,0.026471871850342645,0.026009722231980007
41,normal control,0.8018757085604107,control,0.5414981266140659,24.084588374584555,412.97090169634004,6.3500000000000005,0.026202457129103476,0.02579165687096762
42,normal control,0.6069376307220529,control,0.6270005547871973,23.91499321671659,503.4858597644631,7.45,0.03312275903884336,0.03286791650567864
43,normal control,0.35269132134703013,control,0.7291083903563439,22.98259647278588,669.942992156795,10.350000000000001,0.048557244483568886,0.048557244483568886
44,normal control,0.7105538454692497,control,0.2951005260984473,22.367747683042378,267.66679391624757,6.050000000000001,0.018640305153509677,0.018112353394805585
45,normal control,0.2707455722838968,control,0.006085336233183025,15.576781516179608,181.4106355886538,7.6000000000000005,0.025361543256910618,0.024580217271295262
46,normal control,1.01624911812118,control,0.5842361978803291,24.765356545573482,457.8000613230206,6.0,0.0276808146648143,0.027343460775122914
47,normal control,0.9671816430590081,control,0.5904480209194,24.718367970864243,464.28422549336636,6.1000000000000005,0.028232132665113575,0.02790508343935983
48,normal control,0.4786589916842569,control,0.13181813670416923,19.773069402536624,214.3712070333411,6.550000000000001,0.01894485560866582,0.018339432419957415
49,normal control,0.5048202395185122,control,0.18239647259831773,20.342237202893287,228.13063296602053,6.550000000000001,0.019188909185050788,0.018594781056192815
50,normal control,0.5221450462406316,control,0.7167404981396593,24.150318263273572,655.3269742164857,8.450000000000001,0.04303392288063623,0.04303184598072872
51,normal control,0.44968441099533446,control,0.6536681359408427,23.179168898424354,535.6814797747431,8.65,0.03775787696164819,0.03757979813304407
52,normal control,0.9165187228789566,control,0.6892370977552376,25.171117164861645,609.7227065847765,6.550000000000001,0.03664599562285065,0.036585192586512445
53,normal control,0.6487032095509266,control,0.0508782776386239,20.704471022369436,198.22601937782085,5.75,0.015276472334471105,0.014752013384134264
54,normal control,0.27704362181624603,control,0.12216588710390747,16.515860056495995,205.75123914641128,7.9,0.026325279384044026,0.02555572317445805
55,normal control,0.37392663050390346,control,0.48565604681122465,21.037690676559862,357.810022604301,8.450000000000001,0.03011421941752077,0.029557736892936573
56,normal control,0.3911777330868373,control,0.6794541432480908,22.89769933072723,574.0805689038618,9.450000000000001,0.04160619731411107,0.04151659160453583
57,normal control,1.0404225698549963,control,0.6862250485020661,25.33338097634953,605.5916663099604,6.25,0.035922896546466444,0.03585299439837056
58,normal control,0.7409207261729323,control,0.22816208150634587,22.140897171470208,244.71861714628693,5.800000000000001,0.017055772689719216,0.01653632223375693
59,normal control,0.6315125086964641,control,0.14260167825882902,21.09180920709399,219.2632205348023,5.95,0.016696498102086507,0.01615557102199281
60,normal control,1.0712496866290984,control,0.6300556225849239,25.078032554612538,514.8948572958307,6.0,0.03071262123854187,0.030476798222581154
61,normal control,0.8050925060997334,control,0.12307451145898754,21.867865504287067,215.8366031721436,5.5,0.014918536038139349,0.01442325277771281
62,normal control,0.4852520120365475,control,0.44596273449203816,21.89553101614792,336.2212656894275,7.4,0.02575564257526704,0.025206419651599404
63,normal control,0.9326736441108341,control,0.16701735261769293,22.51079969600397,227.991062298268,5.300000000000001,0.014915002274905807,0.014432889436259162
64,normal control,0.45217908331332096,control,0.5331127337324418,22.247188703583447,397.8407615212599,8.0,0.029985317294794377,0.02951439558012904
65,normal control,0.7436975668294024,control,0.1394431132892403,21.687132577941853,219.49600045886663,5.65,0.015577822970665615,0.015068004666064573
66,normal control,0.44100043956018437,control,0.051676530548405986,18.85584691189184,195.54885193106549,6.550000000000001,0.018771031343816944,0.018147963814761543
67,normal control,0.5637036501031523,control,0.1593214403207898,20.70794127088858,222.77885051569268,6.25,0.01784116700415018,0.017274124082045775
68,normal control,0.529620012119685,control,0.589886913397514,23.243953898167895,455.8379658822411,7.7,0.0316291284708326,0.031274675741632826
69,normal control,0.9989856008963698,control,0.1846259589065722,22.765709244769294,233.2452040675346,5.25,0.014942079957832229,0.014464865807194315
70,normal control,0.6470571063680726,control,0.3155431030894027,22.165423729275375,274.9136202219311,6.300000000000001,0.019711615205848545,0.019169722747592752
71,normal control,0.5635574585522767,control,0.5346427163128051,23.06314299781338,402.63981727498236,7.300000000000001,0.028081663027191308,0.02763522873446573
72,normal control,0.9424615368505502,control,0.3048762357305599,23.207268983787184,273.30026270934036,5.5,0.01748313540476205,0.0169891066370338
73,normal control,0.529678558326979,control,0.0208322829085541,19.624978571706954,190.82207621079283,6.1000000000000005,0.01656938516192628,0.015999964928924987
74,normal control,0.7763027298507952,control,0.7087330502270409,25.005779027382136,646.573392641332,7.050000000000001,0.03956277541697705,0.039549275482035025
75,normal control,0.7931729121053548,control,0.21619868565193262,22.29447388067326,241.40638161329127,5.65,0.0164761177550069,0.015967458669632766
76,normal control,1.1950975538924216,control,0.3839450885124259,24.04108054344344,309.76275339987467,5.300000000000001,0.018792596201074128,0.01831767082710763
77,normal control,0.3873251528913128,control,0.5667274860673706,21.87162582841857,425.5686873841735,8.75,0.03343361015151594,0.03300636238457317
78,normal control,0.7087822721456687,control,0.507247705059948,23.579084548944348,382.996102444597,6.550000000000001,0.02522750714487225,0.02477129531806953
79,normal control,0.8732665137997653,control,0.49461108038044166,24.01318991873884,375.3802665045904,6.050000000000001,0.023650374653218304,0.023198979214303278
80,normal control,1.101976102703008,control,0.47001157395384396,24.320876036010734,359.6190924751036,5.6000000000000005,0.02185582033086266,0.021401945477773913
81,normal control,0.6968600507763649,control,0.5448563714793073,23.760286367987625,414.4687030045317,6.75,0.027116731184428866,0.026701568548182054
82,normal control,1.1480767052258496,control,0.0770764984834022,22.590270261521617,206.57316796486103,4.9,0.012943584143216322,0.012496821816679687
83,normal control,1.0749740602246403,control,0.2735384077048403,23.341698727826312,262.173583286264,5.25,0.01635339552512007,0.015872363518628137
84,normal control,0.6882230823458999,control,0.6322080064451061,24.272465306928197,512.5743318739217,7.050000000000001,0.03271104391798204,0.03247436355452769
85,normal control,0.7113702842748133,control,0.7258335254262163,24.947183299766948,683.1362659433671,7.4,0.04220616223840284,0.04220616223840284
86,normal control,1.0852465250280947,control,0.5510889627779392,24.69654428465587,424.51141239805037,5.800000000000001,0.02558238574125368,0.02519628604307424
87,normal control,0.7475799615675041,control,0.6809424912515852,24.760996603041185,591.2590405918602,7.050000000000001,0.036617778496905055,0.036532641561853096
88,normal control,0.8456049729656345,control,0.4020206278374928,23.444682502810704,316.9751833217125,5.9,0.020480798064160907,0.01998502485659916
89,normal control,1.1588169940151531,control,0.630783354616121,25.181401796866155,516.6184791335082,5.9,0.0305853814291602,0.030351792327592636
90,normal control,0.9295462045492742,control,0.4498626413694826,23.909235608508997,345.295087157238,5.8500000000000005,0.021661019850181023,0.021188280162059016
91,normal control,1.1344950736069972,control,0.6564023180180499,25.28519351140769,554.6689031081195,6.0,0.03278023423688336,0.03261913207365609
92,normal control,1.0032604526361057,control,0.6801905371113927,25.252904297215665,593.9769486091104,6.300000000000001,0.035393047282772344,0.03530523810797509
93,normal control,0.8438707076785232,control,0.014123943125749577,21.486574864154207,192.18840010762037,5.25,0.013305150655248553,0.012834007390310112
94,normal control,0.8047973687753938,control,0.2855794077028184,22.69879436389928,264.9621253189401,5.75,0.01775395498259095,0.017242991468227893
95,normal control,0.8148637603485858,control,0.20259662761831052,22.306835003781845,237.4428923681917,5.6000000000000005,0.016103186708426007,0.01559959025733843
96,normal control,0.9957796579500842,control,0.3677426435179576,23.637852180894594,300.8344484690338,5.550000000000001,0.0188444113745701,0.01835705180662628
97,normal control,0.4970285749612939,control,0.2797579085140781,20.88154429682506,258.83042877347503,6.8500000000000005,0.021106196220197923,0.020510575051377926
98,normal control,1.1413944632800088,control,0.3003523953881988,23.57937700827432,272.5173990478222,5.2,0.016770866525202262,0.016292027706669047
99,normal control,0.8333154969014571,control,0.6926349452718142,25.035348739536154,614.9280752924706,6.800000000000001,0.037382060861150875,0.03733105192366003
100,normal control,0.6653471647954106,control,0.30663454096253717,22.21167619326465,271.60808040137965,6.2,0.019317609236145238,0.01877973764078568
101,normal control,0.303504786273397,control,0.7002737350535279,22.075615729966973,603.2593103498334,10.9,0.04703366297550756,0.04700915927488218
102,normal control,1.1712700595319658,control,0.2476353600295064,23.385798220583467,253.51656498188234,5.1000000000000005,0.015608801867438606,0.015136041150517459
103,normal control,0.4981212618578615,control,0.08293195576589438,19.679024374085405,203.26661242418203,6.3500000000000005,0.017892392716822206,0.01730074264746822
104,normal control,0.3469469837212921,control,0.09073932495192483,17.719125084290106,201.48901182844784,7.2,0.022322187716874067,0.02162288399530391
105,normal control,0.4064877957594349,control,0.6992193925526057,23.215442359442694,611.7902142061037,9.4,0.043254993227672456,0.04322420399044346
106,normal control,0.6395480561164679,control,0.7244917723707843,24.713757349703144,677.7321747767977,7.75,0.042628362076641044,0.042628362076641044
107,normal control,0.6274945722080572,control,0.6523898238504489,24.175315068368704,540.5712875074436,7.45,0.03494311740771201,0.03476557999864283
108,normal control,0.2141888086844394,control,0.470918000503008,17.77604802636951,334.569728938025,10.600000000000001,0.038892584749434994,0.03824439715165906
109,normal control,0.8681323089075146,control,0.40394532140308476,23.51836454209623,318.1938954554676,5.8500000000000005,0.020422802998173957,0.0199298768641903
110,normal control,0.32466553892156474,control,0.009991105153440594,16.783673264375192,184.32463853377436,7.15,0.022367008671354157,0.02164735990189546
111,normal control,1.1410919246713698,control,0.4114531763335517,24.096627826941084,324.003827901977,5.4,0.01972509557008549,0.01925256606415524
112,normal control,0.3910263074073436,control,0.6464067962455202,22.600100123994665,521.2853344956391,9.200000000000001,0.0386486554753189,0.03844375781341641
113,normal control,0.8617611913988099,control,0.10766584014349975,22.002691819435483,212.4493646104608,5.3500000000000005,0.014376551883698938,0.013893286554446821
114,normal control,0.3677836334018681,control,0.06828349846364937,17.92339141212953,197.26415889713545,7.0,0.02122647193272704,0.02054625028231493
115,normal control,0.8377515678148797,control,0.07569395345614222,21.760223151561704,204.96098407355038,5.3500000000000005,0.01408288542127289,0.013600603505599737
116,normal control,0.7685481555643787,control,0.6371688109731236,24.55044530278748,521.1196935430635,6.800000000000001,0.03251184181746541,0.032291480721159095
117,normal control,1.1745731814722438,control,0.051169035496714255,22.52526792200989,201.00650919712177,4.8500000000000005,0.012561129302237592,0.012120894105945305
118,normal control,0.5884388579615945,control,0.5541668997604293,23.3333086220574,420.90847783291804,7.25,0.02874201208925912,0.028327682479484674
119,normal control,0.9620959114857961,control,0.1585675408423259,22.55092652650458,225.8473150079016,5.25,0.01466181320144404,0.01418443931003036
120,normal control,1.026271615330983,control,0.21850742561642658,22.98671427346041,243.49165209275725,5.25,0.01543433416058686,0.014955179272475475
121,normal control,0.30158008858263,control,0.20131605514052137,17.627022764137546,227.45723432140394,7.95,0.026057181114118352,0.02532085273993434
122,normal control,1.0726055999994246,control,0.6425452198314384,25.144055108147708,532.7984643313392,6.050000000000001,0.03171500751266312,0.03151328201486035
123,normal control,0.5841493154794613,control,0.33448193891226985,21.90136461511532,281.8064346580565,6.550000000000001,0.020919564846528994,0.02036215191480537
124,normal control,0.7656660101395425,control,0.31511262792509065,22.710039578711267,276.0480877003217,5.9,0.01866418063501307,0.01814708703433477
125,normal control,0.9212170441211849,control,0.220697644664755,22.738034268417575,243.6397591178362,5.4,0.015872584146690565,0.015382202010157574
126,normal control,0.7429035836462166,control,0.3778478901633959,22.965656133672088,303.66717475138705,6.1000000000000005,0.02042141621917754,0.01990706703000711
127,normal control,1.184364362462982,control,0.258766419995086,23.455948775046533,257.3766742532872,5.1000000000000005,0.01580328755483245,0.01532994103380753
128,normal control,0.6804680821861966,control,0.7486418362147629,25.01036279163651,739.0350782896312,7.65,0.04577474134175585,0.04577474134175585
129,normal control,0.4608528334119581,control,0.17472839566251783,19.848441259054596,225.1589534245289,6.75,0.019973080941425945,0.019356387594780696
130,normal control,0.9311715292882441,control,0.4696431782185293,24.01515738347904,358.1985114310009,5.8500000000000005,0.02238829427866389,0.021925151003901185
131,normal control,0.9931075298016703,control,0.681911586716814,25.24815999421669,597.0057084043062,6.3500000000000005,0.03560245205764577,0.03551987465224111
132,normal control,0.24299803510044243,control,0.17757831620951842,16.054435309471003,217.47812726206902,8.5,0.02955149844610943,0.028750561392999332
133,normal control,0.5921821301569381,control,0.2606448204325559,21.509800037198293,253.76126607307845,6.3500000000000005,0.01919849326690921,0.01863843533168843
134,normal control,0.47079376744452256,control,0.054404695314592216,19.22143615190344,196.67437323863402,6.4,0.01810170208699084,0.01749714151617594
135,normal control,0.8182673461872993,control,0.3669644649393974,23.17454854917305,299.1720757023429,5.9,0.019628856049877606,0.019123524691348176
136,normal control,1.0448276398219989,control,0.6694648480366627,25.24990036587022,575.4620314447391,6.2,0.034203434766808594,0.03408250609992024
137,normal control,0.8345682326604356,control,0.058567979608092235,21.664733658282625,201.2135911768685,5.3500000000000005,0.01388471489516654,0.0134046105645193
138,normal control,1.1711088775681524,control,0.7162310593061613,25.625740498753363,668.8628059817353,6.15,0.039201522314282825,0.03919742512971355
139,normal control,1.074190519460064,control,0.7288926050928928,25.59931400061442,697.297229010707,6.3500000000000005,0.041104543598217545,0.041104543598217545
140,normal control,0.6431173580615586,control,0.6550454478783497,24.255372745287964,545.1184221880064,7.3500000000000005,0.035014619630856864,0.03484588986360008
141,normal control,0.7980567613293532,control,0.4962498199994174,23.81792671937204,375.7983102667593,6.25,0.02412436217404358,0.023668056215247795
142,normal control,0.31202515762354294,control,0.40691076881439286,19.442812087601173,307.03881909056,8.700000000000001,0.02999590128597808,0.02933848717252723
143,normal control,0.4565919247471089,control,0.06367612896152433,19.115502862848068,198.36341905331386,6.5,0.018534922999269968,0.017921049828463764
144,normal control,0.7104514703127354,control,0.4196348033068783,23.07167561254849,325.1523283843519,6.300000000000001,0.021928759101860578,0.021420075273691136
145,normal control,0.6226316075974352,control,0.5973898101544071,23.7871396287211,466.9414148498005,7.25,0.030875095095751096,0.03054627528573052
146,normal control,0.7453688630079249,control,0.07416389999901563,21.36008707408982,204.02513152704918,5.550000000000001,0.014669518201521237,0.014168991149884605
147,normal control,0.5061127002314261,control,0.6539567303338157,23.573356872821186,538.8228946258101,8.200000000000001,0.03670651336566217,0.03653090477012886
148,normal control,1.1014417381396413,control,0.22090017055283276,23.147644274884954,244.55720436936028,5.15,0.015260899391196712,0.014787363527597491
149,normal control,0.5141107744672455,control,0.5355094934479783,22.751905675365318,402.01943842854314,7.6000000000000005,0.028891181768611166,0.028437014007417844
150,normal control,0.9180145725955795,control,0.6240538767698242,24.811805360434235,505.1516413764123,6.300000000000001,0.03074383895108494,0.03049072306066222
151,normal control,1.0005033796194618,control,0.7410071081463423,25.580979113216817,726.5140354309614,6.550000000000001,0.043060380604669754,0.043060380604669754
152,normal control,1.0515907856055173,control,0.6500151947682464,25.156686020192552,543.8937869331169,6.1000000000000005,0.032403387138743994,0.032223215303024064
153,normal control,0.8851341530700878,control,0.4779011782826388,23.953093851593167,363.4703955861162,6.0,0.022911698414498805,0.022449948042083265
154,normal control,0.504926944374678,control,0.2010778961018247,20.45798902596571,233.46819643512518,6.6000000000000005,0.01949293692740554,0.018898472625942922
155,normal control,1.1426825294234222,control,0.6328938323090304,25.17514426631819,519.4523850745318,5.9,0.030780480813723504,0.03055243120937824
156,normal control,1.068070577633488,control,0.653539472102104,25.195596584749143,549.5358386900197,6.1000000000000005,0.032669970577905875,0.03250029977135349
157,normal control,0.4847997854254757,control,0.5436071158660877,22.595638516755248,408.20219155406596,7.800000000000001,0.02982404124915539,0.029376071697488973
158,normal control,1.1752133275357919,control,0.07453655161376824,22.627452283280842,206.08803748312312,4.8500000000000005,0.012854905562512625,0.012410306089536905
159,normal control,1.1986844515303379,control,0.07568455676141306,22.67243404335706,206.4115380411753,4.8500000000000005,0.012824458618385024,0.012381018982371206
0,steatosis,0.2757925817942553,MASL,0.4302281951097967,76.73404748127338,3165.114804363199,15.3,0.2231489223069491,0.2231489223069491
1,steatosis,0.87284402601987,MASL,0.7331466365254147,92.62504896397039,4257.021800725028,8.8,0.2787375860916512,0.2787375860916512
2,steatosis,1.036421760300832,MASL,0.6753790442522697,92.81688802143141,4060.113991748752,7.9,0.26539796616362593,0.26539796616362593
3,steatosis,1.1711420610880068,MASL,0.6563967521083108,93.13571224828955,4011.435398817686,7.45,0.261892659696212,0.261892659696212
4,steatosis,0.36357749516131327,MASL,0.6356642047100022,83.8824025378641,3675.120603263187,13.8,0.250476796666691,0.250476796666691
5,steatosis,1.1972733146791101,MASL,0.571843793253557,92.44157689237711,3771.485511040747,7.15,0.2466695285202851,0.2466695285202851
6,steatosis,1.1737245137977008,MASL,0.5464057140380277,92.12819107539543,3709.3641920409605,7.15,0.2428128405349006,0.2428128405349006
7,steatosis,1.0420723253420863,MASL,0.4685423961063745,90.84298184819856,3541.474553361526,7.3500000000000005,0.232648964481346,0.232648964481346
8,steatosis,0.9465672390053796,MASL,0.6127773209353056,91.73416839330392,3849.0439651812558,8.0,0.2524343147696981,0.2524343147696981
9,steatosis,0.9053036256369638,MASL,0.7003893095995085,92.43958158368592,4130.740830502777,8.5,0.27050081566526424,0.27050081566526424
10,steatosis,1.1078788074849368,MASL,0.45638076999987354,91.05024460026978,3527.5600858904595,7.15,0.2315559462343978,0.2315559462343978
11,steatosis,0.2572711832413254,MASL,0.15044097846265583,72.46705172182324,2870.28648256849,15.5,0.2060529178879017,0.2060529178879017
12,steatosis,0.29798297994256345,MASL,0.5397959709098376,79.58659155548675,3374.380471687944,15.0,0.23484882426676262,0.23484882426676262
13,steatosis,0.7206738079556083,MASL,0.1643461906519583,85.39982272730585,3139.044799306135,8.200000000000001,0.20937231448998744,0.20937231448998744
14,steatosis,1.1478725762125632,MASL,0.2500275573631313,89.5006617064134,3268.4344665142858,6.75,0.21520001018368057,0.21520001018368057
15,steatosis,0.7897927262973166,MASL,0.017984284929398103,85.03763270909715,3054.345401118494,7.7,0.20349629926861937,0.20349629926861937
16,steatosis,0.3019704979063608,MASL,0.5848249957529383,80.56135964985732,3473.542777208949,15.15,0.24086245498449288,0.24086245498449288
17,steatosis,0.2886441711878038,MASL,0.746826617889361,83.31254939851033,3933.5381350806315,17.0,0.27095522183843646,0.27095522183843646
18,steatosis,1.1006891670942651,MASL,0.10749222890457558,88.16618711533864,3147.8445572142964,6.7,0.20778655779052566,0.20778655779052566
19,steatosis,0.37460575564281157,MASL,0.5708323650238005,83.1323507181971,3525.553361332275,13.15,0.2405684342004408,0.2405684342004408
20,steatosis,0.8186555189683105,MASL,0.7081445318213102,91.99327348518798,4142.30674097251,8.950000000000001,0.2717924712070066,0.2717924712070066
21,steatosis,0.31544805758935585,MASL,0.6500962948431466,82.37888949248502,3657.005138566352,15.15,0.2516854941378431,0.2516854941378431
22,steatosis,0.2974063316144157,MASL,0.022799505252720426,73.65163699728924,2846.133120548946,14.100000000000001,0.20171726359732742,0.20171726359732742
23,steatosis,0.34885806918619305,MASL,0.22307992858163972,77.63925372123452,3028.652695678774,12.850000000000001,0.21042541801067277,0.21042541801067277
24,steatosis,0.7255325181175696,MASL,0.3018348532537027,86.71785569231297,3264.8071893366587,8.35,0.21720059127625,0.21720059127625
25,steatosis,0.6338928372353347,MASL,0.27017938553804366,85.16120063015362,3210.2481529846405,8.950000000000001,0.21479384553173234,0.21479384553173234
26,steatosis,1.1198349173177884,MASL,0.40753159465369826,90.67601693178815,3452.3139224842453,7.0,0.22679839710148164,0.22679839710148164
27,steatosis,0.5514428907302091,MASL,0.07012346522529694,81.89536515984896,3029.1668609740573,9.450000000000001,0.20471773605381635,0.20471773605381635
28,steatosis,1.152535530738193,MASL,0.2556349693401365,89.5668550793061,3274.2357612713495,6.75,0.21555095065882313,0.21555095065882313
29,steatosis,1.062206877245174,MASL,0.2748811517623082,89.26154078504581,3285.3419879858793,6.95,0.21651242530656006,0.21651242530656006
30,steatosis,0.28710679714456205,MASL,0.2846617842696852,75.49586559588356,3017.3580358618324,14.65,0.2130960744483738,0.2130960744483738
31,steatosis,0.8338826555609535,MASL,0.42558047807486954,89.03818883838703,3442.8132677679278,8.0,0.22750987129630584,0.22750987129630584
32,steatosis,0.6360060544662385,MASL,0.38665117493549284,86.39956455987979,3343.567677895159,9.1,0.22312387148476617,0.22312387148476617
33,steatosis,0.20214137220047407,MASL,0.7042896667820578,77.07708675924118,3569.2019572427234,20.5,0.25572708816412937,0.25572708816412937
34,steatosis,0.5090610119882415,MASL,0.657222651958363,87.80926434965802,3850.5116081544165,11.350000000000001,0.25720657177149486,0.25720657177149486
35,steatosis,0.6262502747231045,MASL,0.6183070276348035,89.04706115973313,3788.661637801103,9.9,0.251278060035407,0.251278060035407
36,steatosis,0.9673830908307806,MASL,0.49318965082381344,90.66063650918845,3576.8658416197413,7.6000000000000005,0.2351832817087694,0.2351832817087694
37,steatosis,0.7575987148082346,MASL,0.6196845435170354,90.47221265925185,3831.564064317672,8.950000000000001,0.25257004399987776,0.25257004399987776
38,steatosis,0.5473256654204959,MASL,0.14613559400353857,82.46329025723102,3078.746323496292,9.55,0.20789126848646033,0.20789126848646033
39,steatosis,1.1434938691771663,MASL,0.5762554410456903,92.28983704999092,3777.240644340883,7.300000000000001,0.24716840410596116,0.24716840410596116
40,steatosis,0.3432318926936277,MASL,0.2885658674005819,78.11167437397354,3081.9110642700853,13.05,0.21402272431547023,0.21402272431547023
41,steatosis,0.6400159206198639,MASL,0.2844901922021629,85.39710029017206,3226.195406086692,8.9,0.21571395618067,0.21571395618067
42,steatosis,0.3375162237814297,MASL,0.5427855603176406,81.34443059363593,3429.1843960644746,13.9,0.23612674856836335,0.23612674856836335
43,steatosis,0.49640632273056745,MASL,0.2601393489454408,82.46267338466146,3152.655050463297,10.3,0.2135337316120221,0.2135337316120221
44,steatosis,0.5744029797461381,MASL,0.25584423039703474,84.02127547902103,3178.5737679466574,9.4,0.2136772676422132,0.2136772676422132
45,steatosis,0.5756068258978251,MASL,0.2712214185677387,84.19718794880275,3193.641373413723,9.450000000000001,0.21460199887682244,0.21460199887682244
46,steatosis,0.5887790328605604,MASL,0.5453591385438145,87.56873527325943,3596.6005615142044,9.950000000000001,0.23970506730124197,0.23970506730124197
47,steatosis,0.6610603381192277,MASL,0.27344783674967077,85.5973012049233,3220.655870658168,8.75,0.2151080511868383,0.2151080511868383
48,steatosis,0.6817593557862092,MASL,0.5905581089181459,89.36136099317831,3732.983955481952,9.35,0.2470755412689571,0.2470755412689571
49,steatosis,0.9016064885351642,MASL,0.30496912875817217,88.45649849156626,3298.389251915577,7.5,0.21803977867036264,0.21803977867036264
50,steatosis,0.7755138002249293,MASL,0.14400081397580722,85.87724836206813,3134.0908317703634,7.8500000000000005,0.2085917685628996,0.2085917685628996
51,steatosis,0.7105137048939636,MASL,0.23181703038815316,85.8720910337911,3193.026243260553,8.35,0.21284599120547856,0.21284599120547856
52,steatosis,0.46621475382276584,MASL,0.3746661807603125,83.00987320188861,3261.796467970413,10.9,0.2210873917109916,0.2210873917109916
53,steatosis,0.5831347219139511,MASL,0.13365923820864692,83.03864602862163,3081.6312618687384,9.200000000000001,0.20747078172566163,0.20747078172566163
54,steatosis,0.4108815897823486,MASL,0.23327152670850013,79.90099192404169,3083.1503783888816,11.55,0.21145870210120643,0.21145870210120643
55,steatosis,0.8587694528134595,MASL,0.5608194318418166,90.62824944409144,3701.443981104523,8.200000000000001,0.2436141493632023,0.2436141493632023
56,steatosis,0.875172060865218,MASL,0.349583345109029,88.65273500077282,3346.1155438588153,7.7,0.2211821905847972,0.2211821905847972
57,steatosis,0.5594895545865552,MASL,0.6284234412148192,88.23484375307184,3790.1702071963236,10.600000000000001,0.25240797401132725,0.25240797401132725
58,steatosis,0.42863499227477014,MASL,0.06650704163599264,78.91305658947314,2973.6534021574444,11.100000000000001,0.20405960694538566,0.20405960694538566
59,steatosis,1.1094246712929665,MASL,0.024031072981234664,87.61394750568495,3095.102347151129,6.6000000000000005,0.20446563250773564,0.20446563250773564
60,steatosis,0.9044508857476286,MASL,0.20149348879375936,87.58604963598444,3199.280157038321,7.3500000000000005,0.21181912045096205,0.21181912045096205
61,steatosis,1.1815632818693558,MASL,0.02701477876639402,88.00958081667909,3102.4755332321934,6.45,0.2047385996650894,0.2047385996650894
62,steatosis,0.6189427545202362,MASL,0.31220200853109453,85.35089073912266,3249.2802640035716,9.1,0.21744028800541657,0.21744028800541657
63,steatosis,0.8499713401066749,MASL,0.5652907752178138,90.610457164285,3710.294013424597,8.25,0.24422841513501112,0.24422841513501112
64,steatosis,0.9046812025306179,MASL,0.4400274999043936,89.73466339879197,3476.391463071119,7.75,0.22918656328542186,0.22918656328542186
65,steatosis,0.9895024148240328,MASL,0.5527815032699074,91.36564892673346,3703.1398245581277,7.7,0.2430309306349695,0.2430309306349695
66,steatosis,0.47461672264988947,MASL,0.14169080954948726,80.794762147662,3046.1820346466866,10.450000000000001,0.20737010779018836,0.20737010779018836
67,steatosis,0.9481127870833586,MASL,0.24202313939986445,88.25945812844569,3240.83618207506,7.25,0.21419556774515855,0.21419556774515855
68,steatosis,0.8875179507536086,MASL,0.5313056676998291,90.52441797165598,3640.909115950343,8.0,0.23962746325913528,0.23962746325913528
69,steatosis,0.2758316429353322,MASL,0.38957751037021976,76.17248469239853,3113.08333819581,15.200000000000001,0.21987624571724243,0.21987624571724243
70,steatosis,0.2700969056200964,MASL,0.25960449934549135,74.2911980571475,2971.9732827999183,15.15,0.21143615491026185,0.21143615491026185
71,steatosis,0.8079150243502062,MASL,0.3405293706512925,87.97356488499598,3324.320225355954,7.95,0.22025713387501655,0.22025713387501655
72,steatosis,0.43080918798585804,MASL,0.6745060975295694,86.45977532391544,3852.892577898791,12.65,0.25934481930179093,0.25934481930179093
73,steatosis,0.4798061838377982,MASL,0.3960426630281002,83.59500145709652,3296.2934003621085,10.75,0.2229202209458319,0.2229202209458319
74,steatosis,0.5424706244813919,MASL,0.33985722245406647,84.29560346167548,3254.4614717516624,9.9,0.21898532606231716,0.21898532606231716
75,steatosis,0.45605794088130164,MASL,0.5205112718282613,84.66100696892249,3482.6276124015776,11.450000000000001,0.23522954322481698,0.23522954322481698
76,steatosis,1.0257560299798374,MASL,0.5883909457442364,91.90125886187029,3794.546472235066,7.65,0.24864325117550518,0.24864325117550518
77,steatosis,0.906866632962438,MASL,0.6172949271200328,91.54925963251023,3855.371520442036,8.200000000000001,0.25304238752348995,0.25304238752348995
78,steatosis,0.4340221794209203,MASL,0.13734285946471064,79.67208392086054,3022.5589114465156,11.05,0.2069617840983867,0.2069617840983867
79,steatosis,0.3426408443761904,MASL,0.031575205013876895,75.71927039374096,2894.620128807771,12.9,0.2023232000898938,0.2023232000898938
80,steatosis,0.9975844355037331,MASL,0.19187832671262697,88.19204623537605,3202.2829175893157,7.050000000000001,0.2115606699277903,0.2115606699277903
81,steatosis,0.3520139525367834,MASL,0.09748880688222761,76.60897102846555,2941.076567271499,12.65,0.2048018004633858,0.2048018004633858
82,steatosis,0.8602872555627303,MASL,0.2136168296185817,87.31269161642076,3203.573960275423,7.550000000000001,0.21234476033218896,0.21234476033218896
83,steatosis,0.4727829243187846,MASL,0.7027872801844347,87.8536221481493,3981.1428909463775,12.15,0.26634340899644093,0.26634340899644093
84,steatosis,0.27718107743013504,MASL,0.10332188373741005,73.2210168220706,2867.8067911030257,14.75,0.20440056867557746,0.20440056867557746
85,steatosis,0.988720736161812,MASL,0.33284858848078097,89.31605060524679,3340.9250304383972,7.25,0.2202786031592118,0.2202786031592118
86,steatosis,0.3094403823685595,MASL,0.4446932854372564,78.63749798495718,3230.4979057705923,14.3,0.2251058421534848,0.2251058421534848
87,steatosis,0.3499060020484172,MASL,0.5260335916503746,81.5478708106472,3409.7853479259747,13.5,0.23431941977040283,0.23431941977040283
88,steatosis,1.0236923351965523,MASL,0.426849759077632,90.3640725946871,3471.2980058273765,7.300000000000001,0.2283118112847023,0.2283118112847023
89,steatosis,0.952937547719193,MASL,0.726380548997036,92.9711452018473,4244.137141720456,8.4,0.27746690271624125,0.27746690271624125
90,steatosis,0.6901708838563201,MASL,0.3853860751146697,87.12407546812271,3356.298615140744,8.700000000000001,0.22328495673249504,0.22328495673249504
91,steatosis,0.6720110291422308,MASL,0.354286546660303,86.56210011236314,3312.16307688921,8.8,0.2207153549988601,0.2207153549988601
92,steatosis,0.7641037675352438,MASL,0.02765985339069907,84.81960697675483,3055.608228749014,7.8500000000000005,0.20377747698897092,0.20377747698897092
93,steatosis,0.4374304160204496,MASL,0.44113339104044214,83.09673395884337,3336.211956541365,11.5,0.22653117861043176,0.22653117861043176
94,steatosis,0.4985430659142304,MASL,0.3477286353329482,83.46085204260761,3245.164488044965,10.4,0.2192853024765067,0.2192853024765067
95,steatosis,1.1469009533392749,MASL,0.36919862532788583,90.47124075256556,3401.925911919353,6.9,0.22356508050762486,0.22356508050762486
96,steatosis,0.8432042815579397,MASL,0.4181806566771876,89.04290956437322,3433.284152818553,7.95,0.22684969088719475,0.22684969088719475
97,steatosis,0.8927257306230538,MASL,0.5682291625917134,90.94176273203767,3724.785723999853,8.1,0.24488128749890362,0.24488128749890362
98,steatosis,0.7207026104078056,MASL,0.14257132202327352,85.2124820129789,3122.6318965695637,8.200000000000001,0.20834527988440535,0.20834527988440535
99,steatosis,0.6041615531262641,MASL,0.5298308693604052,87.60318314441221,3569.6729459912194,9.75,0.2377761450239699,0.2377761450239699
100,steatosis,0.8384506291349048,MASL,0.34061642420402577,88.2555424754704,3329.5371447120187,7.8500000000000005,0.22037389200476892,0.22037389200476892
101,steatosis,1.183367671893153,MASL,0.2840783650665035,89.93278732530776,3305.4109987734087,6.7,0.21742605913529314,0.21742605913529314
102,steatosis,0.6559648644040779,MASL,0.1777368565833189,84.62929946138716,3134.859314938629,8.65,0.20979819167158273,0.20979819167158273
103,steatosis,0.5320298345147092,MASL,0.43751678987119164,85.2245557527186,3379.3126498311894,10.200000000000001,0.22701778079731658,0.22701778079731658
104,steatosis,0.6334069076838027,MASL,0.5332373174598863,88.05941494211123,3586.526074408867,9.5,0.23842976185127923,0.23842976185127923
105,steatosis,0.4834448977059838,MASL,0.591208019336131,86.30902664031632,3652.796676377571,11.350000000000001,0.2452755097707741,0.2452755097707741
106,steatosis,0.5174577692799978,MASL,0.1335436983063766,81.72510639492494,3058.6945157354166,9.9,0.20720640120445188,0.20720640120445188
107,steatosis,1.0679113365311135,MASL,0.2622756223817992,89.18955029817585,3273.2565863013333,6.95,0.21573612770727618,0.21573612770727618
108,steatosis,1.161291750371353,MASL,0.07620203965655334,88.25571361104674,3131.6326989606596,6.550000000000001,0.20660987510450135,0.20660987510450135
109,steatosis,0.24158290618735706,MASL,0.6763052704278113,79.19615012877382,3597.628138793044,18.1,0.25325075742662884,0.25325075742662884
110,steatosis,0.5505742587786204,MASL,0.7354306733324831,89.69354519178773,4155.282547659705,11.350000000000001,0.2757674386878998,0.2757674386878998
111,steatosis,0.2831063771832872,MASL,0.6934181790498275,81.84346759267902,3736.0361659885557,16.6,0.2587256710672458,0.2587256710672458
112,steatosis,1.0719018612225983,MASL,0.16388455563618767,88.43025940472211,3187.010175539458,6.800000000000001,0.21032602489044724,0.21032602489044724
113,steatosis,0.8857992618054875,MASL,0.1609333905990006,87.09650843240709,3163.941542954592,7.4,0.20971298742900155,0.20971298742900155
114,steatosis,0.5304718666002328,MASL,0.2429914183794507,83.03558880263662,3151.0080980390835,9.850000000000001,0.21272806676117503,0.21272806676117503
115,steatosis,0.36639127004644073,MASL,0.3543662091838008,79.76571894516711,3171.258097157379,12.65,0.2186086929518537,0.2186086929518537
116,steatosis,0.2901942111577282,MASL,0.17282570137027156,74.51978259652151,2930.149042573398,14.4,0.20743013385793455,0.20743013385793455
117,steatosis,0.34879495497656193,MASL,0.059980470864011454,76.1801263735962,2915.780507587997,12.75,0.20336319367635985,0.20336319367635985
118,steatosis,0.9068896891806093,MASL,0.06633812165413586,86.53158489176664,3100.355151422721,7.25,0.20561987475481944,0.20561987475481944
119,steatosis,0.6294133760863103,MASL,0.22920333365934373,84.69627261779392,3170.9205132726865,8.9,0.21239056194074363,0.21239056194074363
120,steatosis,0.6710277659235255,MASL,0.19586961578713769,85.01156686968244,3153.1365440814607,8.55,0.2107654296524782,0.2107654296524782
121,steatosis,0.6504106046794906,MASL,0.5454508775637323,88.43227587101046,3617.7615378620694,9.4,0.24017891537830402,0.24017891537830402
122,steatosis,0.39011068323070014,MASL,0.6641109195550028,85.21014820129224,3784.544170896382,13.4,0.2563582437253087,0.2563582437253087
123,steatosis,0.20924099569833138,MASL,0.3298890325669849,70.8873441874005,2924.9144718484154,17.8,0.21413927337810962,0.21413927337810962
124,steatosis,0.3794217343938328,MASL,0.6350166595302583,84.37444179911324,3689.2793854000824,13.4,0.25072660118541057,0.25072660118541057
125,steatosis,0.5266045248579698,MASL,0.21442774308820736,82.67172554924548,3124.543201782396,9.850000000000001,0.2111455605051076,0.2111455605051076
126,steatosis,1.1151126961154383,MASL,0.0015863878022878142,87.4890625490418,3082.617295029009,6.550000000000001,0.2036697588400902,0.2036697588400902
127,steatosis,1.1501429021480507,MASL,0.04141882397513766,87.95300825102376,3108.7893911362253,6.5,0.20521122917320597,0.20521122917320597
128,steatosis,0.6249796440214681,MASL,0.1852935285567021,84.21734713275472,3132.758141185483,8.9,0.2100608511167101,0.2100608511167101
129,steatosis,0.31572949782154575,MASL,0.24256525755793676,76.43861158558887,3013.295721826409,13.700000000000001,0.2111183466607769,0.2111183466607769
130,steatosis,0.44681412632111867,MASL,0.0769472141340212,79.5093928160611,2989.704960880814,10.850000000000001,0.20454903997342647,0.20454903997342647
131,steatosis,0.5801016184521017,MASL,0.272702916827684,84.29243373185257,3196.5399629430394,9.4,0.2147108671804545,0.2147108671804545
132,steatosis,0.767311331202502,MASL,0.18750610596892972,86.1560275444141,3166.4100504496114,7.95,0.21067883064225412,0.21067883064225412
133,steatosis,0.5162491465409238,MASL,0.3498933521610714,83.87153440781594,3255.495263354786,10.200000000000001,0.21955768993098376,0.21955768993098376
134,steatosis,0.8193743203360064,MASL,0.32427118097535523,87.92786168391196,3307.342303295256,7.9,0.21911217290434995,0.21911217290434995
135,steatosis,0.5570180665814148,MASL,0.63710897420961,88.32025910959746,3814.154902209304,10.65,0.2539689348236515,0.2539689348236515
136,steatosis,0.3878228609488272,MASL,0.1022111905591255,77.9371190225052,2970.7714083266465,11.9,0.2052155559542424,0.2052155559542424
137,steatosis,0.8499588328012786,MASL,0.5966340675038222,90.94881860030472,3788.504068716047,8.35,0.24916163505887173,0.24916163505887173
138,steatosis,0.5859057662076075,MASL,0.36252061133847624,85.34175548842747,3297.117728238151,9.5,0.22092420705487134,0.22092420705487134
139,steatosis,0.47138166764342054,MASL,0.34645527925253516,82.80637431883143,3230.5463865867796,10.75,0.21899812165682786,0.21899812165682786
140,steatosis,0.27283888883001844,MASL,0.43391754243864744,76.62275063527296,3165.667737796177,15.450000000000001,0.2233959191150043,0.2233959191150043
141,steatosis,0.9043427738334757,MASL,0.5964069778816296,91.31292847884447,3797.6495185471476,8.15,0.24941165729324563,0.24941165729324563
142,steatosis,0.9291076284781503,MASL,0.693663566319763,92.49606644883806,4109.668789740888,8.35,0.2690315745273689,0.2690315745273689
143,steatosis,0.7927617955280546,MASL,0.4962899207004364,89.40433503188709,3554.149379210022,8.35,0.2347992433660223,0.2347992433660223
144,steatosis,0.7298079206040415,MASL,0.11952709109056103,85.13427382475089,3107.9310896778857,8.1,0.20734211032508565,0.20734211032508565
145,steatosis,0.3345395742517044,MASL,0.06513787815352831,75.64759294434013,2906.5621324422345,13.100000000000001,0.20345820448576163,0.20345820448576163
146,steatosis,0.23556256773565082,MASL,0.15262802335026882,71.06153854392602,2836.2824903934916,16.35,0.20581531950283602,0.20581531950283602
147,steatosis,0.4379367745585689,MASL,0.4531491172995936,83.27026485127327,3354.894108408161,11.5,0.22769126109271023,0.22769126109271023
148,steatosis,0.5715461996286886,MASL,0.3450096687066134,84.89752823229828,3271.0956413023114,9.600000000000001,0.21952209066983433,0.21952209066983433
149,steatosis,0.22245093953458844,MASL,0.18974502372493915,70.44000417765929,2836.9956873681713,16.900000000000002,0.20716238959247335,0.20716238959247335
150,steatosis,1.0710467402234005,MASL,0.4157634827815899,90.51388682447615,3459.63780468895,7.15,0.2274076857363837,0.2274076857363837
151,steatosis,0.6669421819361403,MASL,0.566077474853564,88.88851394537122,3669.073331501527,9.35,0.24321317635500492,0.24321317635500492
152,steatosis,0.6071077651102195,MASL,0.39816005114257025,86.08614459349053,3350.3091685430645,9.4,0.22394268662618394,0.22394268662618394
153,steatosis,0.7431180944360092,MASL,0.21268605833617024,86.09883676145667,3182.920549551669,8.1,0.21191550378089619,0.21191550378089619
154,steatosis,0.7522564703167971,MASL,0.16162198839401118,85.76102452716351,3143.1607632222185,8.0,0.20934921991639663,0.20934921991639663
155,steatosis,0.5497164930813865,MASL,0.3538232023138231,84.59036572058768,3273.6373107729564,9.850000000000001,0.220056666636926,0.220056666636926
156,steatosis,0.47971758993679686,MASL,0.37723569809143215,83.36858567858314,3271.9658570740667,10.700000000000001,0.2213959775469647,0.2213959775469647
157,steatosis,0.2655753214276641,MASL,0.6134289803582831,79.2687451540687,3481.0929693405415,16.55,0.24383282171019857,0.24383282171019857
158,steatosis,0.9864184351624345,MASL,0.552391237888118,91.34598949979231,3701.86839664609,7.7,0.24296424435903502,0.24296424435903502
159,steatosis,0.7234573693171937,MASL,0.6537961357656528,90.57154394876267,3925.24108859871,9.3,0.25880347322027475,0.25880347322027475
