atlas_state,position,zone,SLC10A1,SLCO1B1,SLCO1B3,ABCB11,ABCC2,ABCB4,ABCC3,ABCC4,CFTR,SLC4A2
control,0,central,0.95,1.33089021,1.0,0.58351471,1.0,0.53888429,1.0,1.0,1.0,1.0
control,1,central,0.95,1.33089021,1.0,0.58351471,1.0,0.53888429,1.0,1.0,1.0,1.0
control,2,mid,0.98,1.08032874,1.0,0.80169922,1.0,0.77187736,1.0,1.0,1.0,1.0
control,3,mid,0.98,1.08032874,1.0,0.80169922,1.0,0.77187736,1.0,1.0,1.0,1.0
control,4,mid,0.98,1.08032874,1.0,0.80169922,1.0,0.77187736,1.0,1.0,1.0,1.0
control,5,periportal,1.0,0.8769395,1.0,1.10146606,1.0,1.10560779,1.0,1.0,1.0,1.0
control,6,periportal,1.0,0.8769395,1.0,1.10146606,1.0,1.10560779,1.0,1.0,1.0,1.0
control,7,portal,1.0,0.71184155,1.0,1.51332001,1.0,1.58363056,1.0,1.0,1.0,1.0
control,8,portal,1.0,0.71184155,1.0,1.51332001,1.0,1.58363056,1.0,1.0,1.0,1.0
control,9,portal,1.0,0.71184155,1.0,1.51332001,1.0,1.58363056,1.0,1.0,1.0,1.0
MASL,0,central,0.88,0.88,0.88,0.88,0.9,0.9,1.16,1.16,0.92,0.92
MASL,1,central,0.88,0.88,0.88,0.88,0.9,0.9,1.16,1.16,0.92,0.92
MASL,2,mid,0.92,0.92,0.92,0.92,0.94,0.93,1.12,1.12,0.95,0.95
MASL,3,mid,0.92,0.92,0.92,0.92,0.94,0.93,1.12,1.12,0.95,0.95
MASL,4,mid,0.92,0.92,0.92,0.92,0.94,0.93,1.12,1.12,0.95,0.95
MASL,5,periportal,0.96,0.95,0.95,0.97,0.98,0.97,1.08,1.08,0.98,0.98
MASL,6,periportal,0.96,0.95,0.95,0.97,0.98,0.97,1.08,1.08,0.98,0.98
MASL,7,portal,0.98,0.98,0.98,1.0,1.0,1.0,1.05,1.05,1.0,1.0
MASL,8,portal,0.98,0.98,0.98,1.0,1.0,1.0,1.05,1.05,1.0,1.0
MASL,9,portal,0.98,0.98,0.98,1.0,1.0,1.0,1.05,1.05,1.0,1.0
MASH,0,central,0.74,0.74,0.74,0.68,0.72,0.72,1.5,1.5,0.8,0.8
MASH,1,central,0.74,0.74,0.74,0.68,0.72,0.72,1.5,1.5,0.8,0.8
MASH,2,mid,0.82,0.82,0.82,0.78,0.82,0.82,1.35,1.35,0.88,0.88
MASH,3,mid,0.82,0.82,0.82,0.78,0.82,0.82,1.35,1.35,0.88,0.88
MASH,4,mid,0.82,0.82,0.82,0.78,0.82,0.82,1.35,1.35,0.88,0.88
MASH,5,periportal,0.9,0.9,0.9,0.9,0.92,0.92,1.2,1.2,0.95,0.95
MASH,6,periportal,0.9,0.9,0.9,0.9,0.92,0.92,1.2,1.2,0.95,0.95
MASH,7,portal,0.95,0.95,0.95,1.0,1.0,1.0,1.1,1.1,1.0,1.0
MASH,8,portal,0.95,0.95,0.95,1.0,1.0,1.0,1.1,1.1,1.0,1.0
MASH,9,portal,0.95,0.95,0.95,1.0,1.0,1.0,1.1,1.1,1.0,1.0
