tissue,atlas_state,mode,condition,plasma_parent_auc,hepatocyte_parent_auc,bile_auc,peak_injury
normal control,control,zonated,baseline,0.918618010445928,1.1403026161474228,200.14710767025036,0.015510832446612772
normal control,control,zonated,50% uptake inhibition,0.439224512872568,0.5340939263712934,100.32149148531076,0.0060773401241676975
normal control,control,zonated,65% MRP2 inhibition,0.9186233575690639,3.307251626583526,190.87078313779196,0.02973848710954772
normal control,control,well_mixed,baseline,0.8858718267178186,0.8942927206117187,190.03754556574106,0.012426882441126899
normal control,control,well_mixed,50% uptake inhibition,0.4253107662166131,0.42619624161219977,95.1785677621827,0.005618949330844948
normal control,control,well_mixed,65% MRP2 inhibition,0.8858748215973912,2.6190402095072955,183.3061505387015,0.020934564180013764
steatosis,MASL,zonated,baseline,0.9383078042007139,0.9811243862350827,3071.2835862319334,0.20336183821156467
steatosis,MASL,zonated,50% uptake inhibition,0.4505823860863719,0.46785843738846017,1540.9996836902205,0.10128919379486868
steatosis,MASL,zonated,65% MRP2 inhibition,0.9383158614651912,2.8362412755501474,2883.8985733851187,0.20131467642844458
steatosis,MASL,well_mixed,baseline,0.9343542435421583,0.9564969537359764,3277.6680267177085,0.20651260644770997
steatosis,MASL,well_mixed,50% uptake inhibition,0.4486074790473237,0.456278548591023,1643.9738750506954,0.10291570184050443
steatosis,MASL,well_mixed,65% MRP2 inhibition,0.9343393931288482,2.7771135654994805,3099.4969986818596,0.20491344259778377
MASH,MASH,zonated,baseline,0.9443760171806295,1.1367011434761471,2540.110506645486,0.2115549396019749
MASH,MASH,zonated,50% uptake inhibition,0.45469837797597545,0.5419059835592406,1276.060550508561,0.10505528753763393
MASH,MASH,zonated,65% MRP2 inhibition,0.9443738375431191,3.207326706484032,2313.283000144302,0.20598983628439124
MASH,MASH,well_mixed,baseline,0.9435761597531083,1.035515720859205,2983.361626850222,0.21949146167465808
MASH,MASH,well_mixed,50% uptake inhibition,0.45378437092113194,0.4946162866494183,1496.9298516636188,0.10933889937606539
MASH,MASH,well_mixed,65% MRP2 inhibition,0.943573273311933,2.967240642244628,2794.362521836328,0.21633689952456975
